City Code;City Name;Registered Voters;Issued Ballots;Valid Votes;Občanská demokratická strana;Řád národa - Vlastenecká unie;CESTA ODPOVĚDNÉ SPOLEČNOSTI;Česká str.sociálně demokrat.;Radostné Česko;STAROSTOVÉ A NEZÁVISLÍ;Komunistická str.Čech a Moravy;Strana zelených;ROZUMNÍ-stop migraci,diktát.EU;Strana svobodných občanů;Blok proti islam.-Obran.domova;Občanská demokratická aliance;Česká pirátská strana;Unie H.A.V.E.L.;Referendum o Evropské unii;TOP 09;ANO 2011;Dobrá volba 2016;SPR-Republ.str.Čsl. M.Sládka;Křesť.demokr.unie-Čs.str.lid.;Česká strana národně sociální;REALISTÉ;SPORTOVCI;Dělnic.str.sociální spravedl.;Svob.a př.dem.-T.Okamura (SPD);Strana Práv Občanů
529672;Bezděkov pod Třemšínem;134;105;103;1;12;11,65;2;0;0,00;3;0;0,00;4;10;9,70;6;0;0,00;7;13;12,62;8;11;10,67;9;2;1,94;10;0;0,00;12;1;0,97;13;0;0,00;14;1;0,97;15;11;10,67;17;0;0,00;19;0;0,00;20;0;0,00;21;32;31,06;22;0;0,00;23;1;0,97;24;3;2,91;25;0;0,00;26;0;0,00;27;0;0,00;28;1;0,97;29;5;4,85;30;0;0,00
564559;Bohostice;167;108;108;1;12;11,11;2;0;0,00;3;0;0,00;4;9;8,33;6;0;0,00;7;5;4,62;8;22;20,37;9;1;0,92;10;0;0,00;12;0;0,00;13;0;0,00;14;0;0,00;15;7;6,48;17;0;0,00;19;0;0,00;20;5;4,62;21;37;34,25;22;0;0,00;23;0;0,00;24;4;3,70;25;0;0,00;26;0;0,00;27;0;0,00;28;1;0,92;29;5;4,62;30;0;0,00
539953;Bohutín;1417;925;920;1;93;10,10;2;1;0,10;3;2;0,21;4;50;5,43;6;0;0,00;7;45;4,89;8;75;8,15;9;12;1,30;10;6;0,65;12;13;1,41;13;2;0,21;14;1;0,10;15;88;9,56;17;1;0,10;19;1;0,10;20;50;5,43;21;348;37,82;22;1;0,10;23;2;0,21;24;30;3,26;25;1;0,10;26;7;0,76;27;2;0,21;28;0;0,00;29;88;9,56;30;1;0,10
539970;Borotice;302;202;202;1;18;8,91;2;1;0,49;3;0;0,00;4;20;9,90;6;0;0,00;7;13;6,43;8;13;6,43;9;3;1,48;10;0;0,00;12;0;0,00;13;0;0,00;14;0;0,00;15;23;11,38;17;0;0,00;19;0;0,00;20;9;4,45;21;65;32,17;22;0;0,00;23;0;0,00;24;15;7,42;25;0;0,00;26;4;1,98;27;0;0,00;28;1;0,49;29;16;7,92;30;1;0,49
539988;Bratkovice;252;167;166;1;29;17,46;2;0;0,00;3;0;0,00;4;11;6,62;6;0;0,00;7;11;6,62;8;15;9,03;9;1;0,60;10;0;0,00;12;1;0,60;13;0;0,00;14;0;0,00;15;11;6,62;17;0;0,00;19;0;0,00;20;9;5,42;21;40;24,09;22;0;0,00;23;0;0,00;24;9;5,42;25;0;0,00;26;7;4,21;27;0;0,00;28;0;0,00;29;22;13,25;30;0;0,00
540013;Březnice;2841;1612;1605;1;142;8,84;2;1;0,06;3;0;0,00;4;157;9,78;6;5;0,31;7;111;6,91;8;148;9,22;9;15;0,93;10;9;0,56;12;17;1,05;13;3;0,18;14;1;0,06;15;153;9,53;17;1;0,06;19;1;0,06;20;67;4,17;21;504;31,40;22;1;0,06;23;4;0,24;24;58;3,61;25;0;0,00;26;13;0,80;27;3;0,18;28;7;0,43;29;174;10,84;30;10;0,62
540021;Buková u Příbramě;283;206;206;1;22;10,67;2;0;0,00;3;0;0,00;4;21;10,19;6;0;0,00;7;15;7,28;8;17;8,25;9;4;1,94;10;3;1,45;12;3;1,45;13;0;0,00;14;0;0,00;15;24;11,65;17;0;0,00;19;0;0,00;20;14;6,79;21;66;32,03;22;0;0,00;23;0;0,00;24;5;2,42;25;0;0,00;26;1;0,48;27;1;0,48;28;0;0,00;29;10;4,85;30;0;0,00
564664;Bukovany;69;54;54;1;2;3,70;2;0;0,00;3;0;0,00;4;3;5,55;6;0;0,00;7;1;1,85;8;5;9,25;9;1;1,85;10;0;0,00;12;1;1,85;13;0;0,00;14;0;0,00;15;4;7,40;17;1;1,85;19;0;0,00;20;3;5,55;21;23;42,59;22;0;0,00;23;0;0,00;24;1;1,85;25;0;0,00;26;0;0,00;27;0;0,00;28;1;1,85;29;8;14,81;30;0;0,00
564419;Cetyně;134;99;99;1;7;7,07;2;0;0,00;3;0;0,00;4;7;7,07;6;0;0,00;7;6;6,06;8;9;9,09;9;1;1,01;10;0;0,00;12;1;1,01;13;0;0,00;14;0;0,00;15;10;10,10;17;0;0,00;19;0;0,00;20;1;1,01;21;46;46,46;22;0;0,00;23;0;0,00;24;5;5,05;25;0;0,00;26;0;0,00;27;0;0,00;28;1;1,01;29;5;5,05;30;0;0,00
540072;Čenkov;326;206;204;1;15;7,35;2;0;0,00;3;0;0,00;4;14;6,86;6;0;0,00;7;11;5,39;8;30;14,70;9;6;2,94;10;1;0,49;12;3;1,47;13;0;0,00;14;0;0,00;15;15;7,35;17;1;0,49;19;0;0,00;20;14;6,86;21;68;33,33;22;0;0,00;23;1;0,49;24;4;1,96;25;0;0,00;26;0;0,00;27;1;0,49;28;0;0,00;29;20;9,80;30;0;0,00
540081;Čím;245;162;161;1;10;6,21;2;0;0,00;3;0;0,00;4;9;5,59;6;0;0,00;7;21;13,04;8;4;2,48;9;1;0,62;10;2;1,24;12;1;0,62;13;3;1,86;14;0;0,00;15;31;19,25;17;0;0,00;19;0;0,00;20;8;4,96;21;58;36,02;22;0;0,00;23;0;0,00;24;1;0,62;25;0;0,00;26;0;0,00;27;1;0,62;28;0;0,00;29;10;6,21;30;1;0,62
540099;Daleké Dušníky;344;231;230;1;30;13,04;2;0;0,00;3;0;0,00;4;20;8,69;6;0;0,00;7;19;8,26;8;21;9,13;9;7;3,04;10;3;1,30;12;1;0,43;13;0;0,00;14;1;0,43;15;43;18,69;17;0;0,00;19;0;0,00;20;6;2,60;21;54;23,47;22;0;0,00;23;1;0,43;24;5;2,17;25;0;0,00;26;3;1,30;27;0;0,00;28;1;0,43;29;15;6,52;30;0;0,00
513504;Dlouhá Lhota;308;205;205;1;30;14,63;2;1;0,48;3;0;0,00;4;18;8,78;6;1;0,48;7;9;4,39;8;6;2,92;9;0;0,00;10;4;1,95;12;5;2,43;13;0;0,00;14;0;0,00;15;24;11,70;17;0;0,00;19;0;0,00;20;8;3,90;21;63;30,73;22;0;0,00;23;1;0,48;24;13;6,34;25;0;0,00;26;2;0,97;27;0;0,00;28;1;0,48;29;19;9,26;30;0;0,00
540111;Dobříš;6994;4559;4518;1;663;14,67;2;9;0,19;3;1;0,02;4;325;7,19;6;3;0,06;7;232;5,13;8;280;6,19;9;83;1,83;10;31;0,68;12;83;1,83;13;6;0,13;14;4;0,08;15;687;15,20;17;0;0,00;19;3;0,06;20;305;6,75;21;1188;26,29;22;4;0,08;23;10;0,22;24;182;4,02;25;1;0,02;26;27;0,59;27;10;0,22;28;8;0,17;29;363;8,03;30;10;0,22
540129;Dolní Hbity;739;551;549;1;54;9,83;2;1;0,18;3;0;0,00;4;62;11,29;6;0;0,00;7;44;8,01;8;51;9,28;9;8;1,45;10;6;1,09;12;11;2,00;13;0;0,00;14;0;0,00;15;41;7,46;17;0;0,00;19;0;0,00;20;14;2,55;21;206;37,52;22;0;0,00;23;0;0,00;24;16;2,91;25;0;0,00;26;1;0,18;27;1;0,18;28;0;0,00;29;31;5,64;30;2;0,36
599298;Drahenice;132;88;88;1;3;3,40;2;0;0,00;3;0;0,00;4;11;12,50;6;1;1,13;7;6;6,81;8;18;20,45;9;2;2,27;10;2;2,27;12;0;0,00;13;0;0,00;14;0;0,00;15;15;17,04;17;0;0,00;19;0;0,00;20;3;3,40;21;17;19,31;22;0;0,00;23;1;1,13;24;0;0,00;25;0;0,00;26;0;0,00;27;0;0,00;28;1;1,13;29;8;9,09;30;0;0,00
540145;Drahlín;445;315;314;1;25;7,96;2;0;0,00;3;0;0,00;4;26;8,28;6;1;0,31;7;10;3,18;8;25;7,96;9;2;0,63;10;7;2,22;12;4;1,27;13;0;0,00;14;0;0,00;15;29;9,23;17;2;0,63;19;0;0,00;20;12;3,82;21;132;42,03;22;0;0,00;23;0;0,00;24;9;2,86;25;0;0,00;26;0;0,00;27;1;0,31;28;0;0,00;29;29;9,23;30;0;0,00
540153;Drásov;345;257;256;1;36;14,06;2;0;0,00;3;0;0,00;4;26;10,15;6;0;0,00;7;9;3,51;8;20;7,81;9;2;0,78;10;2;0,78;12;3;1,17;13;1;0,39;14;0;0,00;15;24;9,37;17;0;0,00;19;0;0,00;20;11;4,29;21;97;37,89;22;0;0,00;23;0;0,00;24;7;2,73;25;0;0,00;26;0;0,00;27;0;0,00;28;0;0,00;29;18;7,03;30;0;0,00
540170;Drevníky;266;161;160;1;21;13,12;2;0;0,00;3;0;0,00;4;18;11,25;6;0;0,00;7;12;7,50;8;8;5,00;9;2;1,25;10;0;0,00;12;2;1,25;13;0;0,00;14;0;0,00;15;21;13,12;17;0;0,00;19;0;0,00;20;12;7,50;21;39;24,37;22;0;0,00;23;0;0,00;24;9;5,62;25;0;0,00;26;1;0,62;27;0;0,00;28;1;0,62;29;14;8,75;30;0;0,00
540188;Drhovy;212;136;136;1;20;14,70;2;1;0,73;3;0;0,00;4;6;4,41;6;1;0,73;7;10;7,35;8;5;3,67;9;2;1,47;10;0;0,00;12;1;0,73;13;0;0,00;14;0;0,00;15;18;13,23;17;0;0,00;19;0;0,00;20;7;5,14;21;45;33,08;22;1;0,73;23;0;0,00;24;1;0,73;25;0;0,00;26;0;0,00;27;1;0,73;28;1;0,73;29;15;11,02;30;1;0,73
598381;Dubenec;744;366;364;1;23;6,31;2;2;0,54;3;1;0,27;4;24;6,59;6;0;0,00;7;11;3,02;8;25;6,86;9;8;2,19;10;10;2,74;12;7;1,92;13;1;0,27;14;0;0,00;15;56;15,38;17;0;0,00;19;0;0,00;20;17;4,67;21;128;35,16;22;1;0,27;23;0;0,00;24;6;1,64;25;0;0,00;26;2;0,54;27;2;0,54;28;4;1,09;29;30;8,24;30;6;1,64
540218;Dublovice;881;533;531;1;61;11,48;2;0;0,00;3;1;0,18;4;33;6,21;6;0;0,00;7;52;9,79;8;47;8,85;9;7;1,31;10;5;0,94;12;5;0,94;13;0;0,00;14;2;0,37;15;64;12,05;17;0;0,00;19;0;0,00;20;19;3,57;21;161;30,32;22;1;0,18;23;1;0,18;24;23;4,33;25;0;0,00;26;0;0,00;27;1;0,18;28;0;0,00;29;48;9,03;30;0;0,00
564508;Dubno;234;174;174;1;28;16,09;2;0;0,00;3;0;0,00;4;6;3,44;6;0;0,00;7;13;7,47;8;15;8,62;9;4;2,29;10;1;0,57;12;2;1,14;13;0;0,00;14;0;0,00;15;17;9,77;17;1;0,57;19;0;0,00;20;10;5,74;21;48;27,58;22;0;0,00;23;0;0,00;24;15;8,62;25;0;0,00;26;0;0,00;27;0;0,00;28;0;0,00;29;14;8,04;30;0;0,00
598402;Háje;337;237;235;1;38;16,17;2;0;0,00;3;0;0,00;4;4;1,70;6;0;0,00;7;14;5,95;8;23;9,78;9;2;0,85;10;3;1,27;12;4;1,70;13;0;0,00;14;0;0,00;15;19;8,08;17;0;0,00;19;0;0,00;20;10;4,25;21;80;34,04;22;0;0,00;23;1;0,42;24;2;0,85;25;0;0,00;26;3;1,27;27;0;0,00;28;0;0,00;29;32;13,61;30;0;0,00
540242;Hluboš;506;334;334;1;47;14,07;2;0;0,00;3;1;0,29;4;14;4,19;6;0;0,00;7;24;7,18;8;27;8,08;9;2;0,59;10;3;0,89;12;3;0,89;13;0;0,00;14;0;0,00;15;37;11,07;17;0;0,00;19;0;0,00;20;7;2,09;21;114;34,13;22;0;0,00;23;0;0,00;24;14;4,19;25;0;0,00;26;5;1,49;27;0;0,00;28;1;0,29;29;35;10,47;30;0;0,00
564605;Hlubyně;126;81;80;1;1;1,25;2;0;0,00;3;0;0,00;4;9;11,25;6;0;0,00;7;12;15,00;8;4;5,00;9;0;0,00;10;2;2,50;12;0;0,00;13;0;0,00;14;0;0,00;15;6;7,50;17;0;0,00;19;0;0,00;20;4;5,00;21;29;36,25;22;0;0,00;23;1;1,25;24;5;6,25;25;0;0,00;26;2;2,50;27;0;0,00;28;0;0,00;29;5;6,25;30;0;0,00
564257;Horčápsko;84;64;64;1;10;15,62;2;0;0,00;3;0;0,00;4;9;14,06;6;0;0,00;7;1;1,56;8;7;10,93;9;0;0,00;10;2;3,12;12;2;3,12;13;1;1,56;14;0;0,00;15;1;1,56;17;0;0,00;19;0;0,00;20;4;6,25;21;20;31,25;22;0;0,00;23;0;0,00;24;0;0,00;25;0;0,00;26;0;0,00;27;0;0,00;28;0;0,00;29;5;7,81;30;2;3,12
540285;Hřiměždice;337;226;225;1;32;14,22;2;0;0,00;3;0;0,00;4;8;3,55;6;0;0,00;7;21;9,33;8;13;5,77;9;5;2,22;10;3;1,33;12;5;2,22;13;0;0,00;14;0;0,00;15;25;11,11;17;0;0,00;19;0;0,00;20;13;5,77;21;67;29,77;22;0;0,00;23;0;0,00;24;7;3,11;25;0;0,00;26;0;0,00;27;0;0,00;28;1;0,44;29;24;10,66;30;1;0,44
513580;Hudčice;210;114;113;1;6;5,30;2;0;0,00;3;0;0,00;4;14;12,38;6;0;0,00;7;17;15,04;8;14;12,38;9;1;0,88;10;0;0,00;12;1;0,88;13;0;0,00;14;1;0,88;15;9;7,96;17;0;0,00;19;0;0,00;20;6;5,30;21;34;30,08;22;0;0,00;23;0;0,00;24;2;1,76;25;0;0,00;26;0;0,00;27;0;0,00;28;0;0,00;29;8;7,07;30;0;0,00
540315;Hvožďany;663;453;451;1;28;6,20;2;0;0,00;3;1;0,22;4;33;7,31;6;1;0,22;7;97;21,50;8;60;13,30;9;5;1,10;10;6;1,33;12;4;0,88;13;0;0,00;14;0;0,00;15;55;12,19;17;0;0,00;19;1;0,22;20;14;3,10;21;104;23,05;22;0;0,00;23;1;0,22;24;13;2,88;25;0;0,00;26;1;0,22;27;0;0,00;28;1;0,22;29;25;5,54;30;1;0,22
540323;Chotilsko;379;231;229;1;33;14,41;2;3;1,31;3;2;0,87;4;6;2,62;6;0;0,00;7;17;7,42;8;16;6,98;9;3;1,31;10;2;0,87;12;1;0,43;13;0;0,00;14;0;0,00;15;37;16,15;17;0;0,00;19;0;0,00;20;10;4,36;21;72;31,44;22;1;0,43;23;0;0,00;24;5;2,18;25;0;0,00;26;2;0,87;27;2;0,87;28;0;0,00;29;17;7,42;30;0;0,00
564249;Chrást;178;107;107;1;9;8,41;2;0;0,00;3;0;0,00;4;14;13,08;6;0;0,00;7;11;10,28;8;11;10,28;9;2;1,86;10;3;2,80;12;2;1,86;13;0;0,00;14;0;0,00;15;11;10,28;17;0;0,00;19;0;0,00;20;3;2,80;21;21;19,62;22;0;0,00;23;0;0,00;24;3;2,80;25;0;0,00;26;1;0,93;27;0;0,00;28;0;0,00;29;16;14,95;30;0;0,00
540358;Chraštice;209;146;146;1;19;13,01;2;1;0,68;3;0;0,00;4;13;8,90;6;0;0,00;7;8;5,47;8;5;3,42;9;0;0,00;10;1;0,68;12;0;0,00;13;0;0,00;14;0;0,00;15;23;15,75;17;0;0,00;19;0;0,00;20;11;7,53;21;49;33,56;22;0;0,00;23;0;0,00;24;7;4,79;25;0;0,00;26;0;0,00;27;0;0,00;28;0;0,00;29;9;6,16;30;0;0,00
540374;Jablonná;332;213;213;1;12;5,63;2;0;0,00;3;0;0,00;4;10;4,69;6;0;0,00;7;16;7,51;8;33;15,49;9;5;2,34;10;4;1,87;12;1;0,46;13;0;0,00;14;0;0,00;15;21;9,85;17;0;0,00;19;0;0,00;20;8;3,75;21;73;34,27;22;0;0,00;23;0;0,00;24;4;1,87;25;0;0,00;26;0;0,00;27;0;0,00;28;0;0,00;29;25;11,73;30;1;0,46
540391;Jesenice;442;277;276;1;23;8,33;2;0;0,00;3;0;0,00;4;23;8,33;6;1;0,36;7;34;12,31;8;15;5,43;9;0;0,00;10;3;1,08;12;9;3,26;13;1;0,36;14;0;0,00;15;35;12,68;17;0;0,00;19;0;0,00;20;12;4,34;21;79;28,62;22;0;0,00;23;0;0,00;24;15;5,43;25;0;0,00;26;0;0,00;27;1;0,36;28;0;0,00;29;25;9,05;30;0;0,00
540404;Jince;1698;970;965;1;65;6,73;2;5;0,51;3;2;0,20;4;57;5,90;6;2;0,20;7;41;4,24;8;206;21,34;9;27;2,79;10;6;0,62;12;25;2,59;13;4;0,41;14;4;0,41;15;87;9,01;17;1;0,10;19;2;0,20;20;33;3,41;21;260;26,94;22;0;0,00;23;2;0,20;24;22;2,27;25;0;0,00;26;4;0,41;27;3;0,31;28;5;0,51;29;96;9,94;30;6;0,62
540439;Kamýk nad Vltavou;741;481;476;1;47;9,87;2;0;0,00;3;0;0,00;4;23;4,83;6;0;0,00;7;123;25,84;8;37;7,77;9;8;1,68;10;6;1,26;12;5;1,05;13;1;0,21;14;1;0,21;15;42;8,82;17;0;0,00;19;0;0,00;20;19;3,99;21;107;22,47;22;1;0,21;23;0;0,00;24;13;2,73;25;0;0,00;26;3;0,63;27;2;0,42;28;0;0,00;29;38;7,98;30;0;0,00
540447;Klučenice;394;266;255;1;26;10,19;2;1;0,39;3;0;0,00;4;23;9,01;6;0;0,00;7;17;6,66;8;18;7,05;9;2;0,78;10;1;0,39;12;3;1,17;13;0;0,00;14;0;0,00;15;21;8,23;17;0;0,00;19;0;0,00;20;7;2,74;21;65;25,49;22;0;0,00;23;0;0,00;24;36;14,11;25;0;0,00;26;0;0,00;27;0;0,00;28;0;0,00;29;35;13,72;30;0;0,00
598461;Kňovice;261;162;160;1;11;6,87;2;0;0,00;3;0;0,00;4;9;5,62;6;0;0,00;7;30;18,75;8;8;5,00;9;1;0,62;10;3;1,87;12;2;1,25;13;0;0,00;14;0;0,00;15;19;11,87;17;0;0,00;19;1;0,62;20;5;3,12;21;54;33,75;22;0;0,00;23;0;0,00;24;8;5,00;25;0;0,00;26;0;0,00;27;0;0,00;28;0;0,00;29;9;5,62;30;0;0,00
599204;Korkyně;95;74;74;1;8;10,81;2;0;0,00;3;0;0,00;4;4;5,40;6;0;0,00;7;6;8,10;8;6;8,10;9;4;5,40;10;0;0,00;12;1;1,35;13;0;0,00;14;0;0,00;15;11;14,86;17;1;1,35;19;0;0,00;20;5;6,75;21;23;31,08;22;0;0,00;23;0;0,00;24;1;1,35;25;0;0,00;26;0;0,00;27;0;0,00;28;0;0,00;29;4;5,40;30;0;0,00
540498;Kosova Hora;1080;678;675;1;55;8,14;2;0;0,00;3;0;0,00;4;43;6,37;6;0;0,00;7;83;12,29;8;36;5,33;9;10;1,48;10;18;2,66;12;5;0,74;13;0;0,00;14;1;0,14;15;92;13,62;17;0;0,00;19;0;0,00;20;22;3,25;21;196;29,03;22;0;0,00;23;1;0,14;24;41;6,07;25;0;0,00;26;2;0,29;27;3;0,44;28;0;0,00;29;67;9,92;30;0;0,00
513555;Kotenčice;168;122;121;1;20;16,52;2;1;0,82;3;0;0,00;4;13;10,74;6;0;0,00;7;2;1,65;8;8;6,61;9;2;1,65;10;1;0,82;12;2;1,65;13;0;0,00;14;0;0,00;15;16;13,22;17;0;0,00;19;0;0,00;20;5;4,13;21;30;24,79;22;0;0,00;23;0;0,00;24;7;5,78;25;0;0,00;26;0;0,00;27;0;0,00;28;1;0,82;29;13;10,74;30;0;0,00
529681;Koupě;98;56;56;1;2;3,57;2;0;0,00;3;0;0,00;4;14;25,00;6;0;0,00;7;1;1,78;8;8;14,28;9;1;1,78;10;1;1,78;12;0;0,00;13;0;0,00;14;0;0,00;15;1;1,78;17;0;0,00;19;0;0,00;20;3;5,35;21;18;32,14;22;0;0,00;23;0;0,00;24;0;0,00;25;0;0,00;26;0;0,00;27;0;0,00;28;0;0,00;29;7;12,50;30;0;0,00
540536;Kozárovice;333;213;210;1;22;10,47;2;0;0,00;3;0;0,00;4;18;8,57;6;0;0,00;7;11;5,23;8;28;13,33;9;2;0,95;10;1;0,47;12;2;0,95;13;0;0,00;14;0;0,00;15;18;8,57;17;0;0,00;19;0;0,00;20;3;1,42;21;64;30,47;22;0;0,00;23;0;0,00;24;7;3,33;25;0;0,00;26;1;0,47;27;0;0,00;28;2;0,95;29;31;14,76;30;0;0,00
540552;Krásná Hora nad Vltavou;867;534;529;1;45;8,50;2;1;0,18;3;0;0,00;4;36;6,80;6;0;0,00;7;66;12,47;8;29;5,48;9;3;0,56;10;5;0,94;12;4;0,75;13;1;0,18;14;1;0,18;15;58;10,96;17;2;0,37;19;2;0,37;20;19;3,59;21;159;30,05;22;0;0,00;23;3;0,56;24;33;6,23;25;2;0,37;26;2;0,37;27;1;0,18;28;1;0,18;29;54;10,20;30;2;0,37
540579;Křepenice;152;112;112;1;22;19,64;2;1;0,89;3;0;0,00;4;7;6,25;6;0;0,00;7;14;12,50;8;3;2,67;9;3;2,67;10;0;0,00;12;0;0,00;13;0;0,00;14;0;0,00;15;13;11,60;17;0;0,00;19;0;0,00;20;3;2,67;21;35;31,25;22;0;0,00;23;0;0,00;24;2;1,78;25;0;0,00;26;0;0,00;27;0;0,00;28;0;0,00;29;9;8,03;30;0;0,00
540587;Křešín;102;87;87;1;16;18,39;2;0;0,00;3;0;0,00;4;6;6,89;6;0;0,00;7;1;1,14;8;18;20,68;9;0;0,00;10;3;3,44;12;2;2,29;13;0;0,00;14;0;0,00;15;3;3,44;17;0;0,00;19;0;0,00;20;0;0,00;21;14;16,09;22;0;0,00;23;0;0,00;24;0;0,00;25;0;0,00;26;1;1,14;27;0;0,00;28;3;3,44;29;14;16,09;30;6;6,89
540625;Láz;485;334;331;1;27;8,15;2;0;0,00;3;0;0,00;4;29;8,76;6;0;0,00;7;12;3,62;8;25;7,55;9;6;1,81;10;2;0,60;12;3;0,90;13;2;0,60;14;1;0,30;15;30;9,06;17;0;0,00;19;0;0,00;20;25;7,55;21;129;38,97;22;0;0,00;23;0;0,00;24;6;1,81;25;0;0,00;26;2;0,60;27;1;0,30;28;1;0,30;29;30;9,06;30;0;0,00
564346;Lazsko;168;129;128;1;17;13,28;2;0;0,00;3;0;0,00;4;9;7,03;6;1;0,78;7;13;10,15;8;7;5,46;9;1;0,78;10;0;0,00;12;3;2,34;13;0;0,00;14;0;0,00;15;14;10,93;17;0;0,00;19;0;0,00;20;5;3,90;21;37;28,90;22;0;0,00;23;0;0,00;24;11;8,59;25;0;0,00;26;1;0,78;27;0;0,00;28;0;0,00;29;9;7,03;30;0;0,00
513521;Lešetice;151;109;109;1;8;7,33;2;1;0,91;3;0;0,00;4;9;8,25;6;0;0,00;7;7;6,42;8;10;9,17;9;1;0,91;10;5;4,58;12;0;0,00;13;0;0,00;14;0;0,00;15;5;4,58;17;0;0,00;19;0;0,00;20;5;4,58;21;35;32,11;22;1;0,91;23;0;0,00;24;7;6,42;25;0;0,00;26;0;0,00;27;0;0,00;28;1;0,91;29;14;12,84;30;0;0,00
598411;Lhota u Příbramě;398;266;263;1;28;10,64;2;0;0,00;3;0;0,00;4;18;6,84;6;0;0,00;7;10;3,80;8;29;11,02;9;3;1,14;10;5;1,90;12;4;1,52;13;1;0,38;14;0;0,00;15;24;9,12;17;0;0,00;19;0;0,00;20;8;3,04;21;99;37,64;22;0;0,00;23;1;0,38;24;11;4,18;25;0;0,00;26;0;0,00;27;1;0,38;28;1;0,38;29;20;7,60;30;0;0,00
540714;Malá Hraštice;802;537;531;1;62;11,67;2;0;0,00;3;0;0,00;4;33;6,21;6;1;0,18;7;39;7,34;8;23;4,33;9;12;2,25;10;3;0,56;12;5;0,94;13;0;0,00;14;3;0,56;15;63;11,86;17;0;0,00;19;0;0,00;20;19;3,57;21;192;36,15;22;1;0,18;23;1;0,18;24;15;2,82;25;0;0,00;26;4;0,75;27;1;0,18;28;1;0,18;29;49;9,22;30;4;0,75
540749;Milešov;270;160;160;1;13;8,12;2;0;0,00;3;0;0,00;4;22;13,75;6;0;0,00;7;11;6,87;8;23;14,37;9;2;1,25;10;1;0,62;12;0;0,00;13;0;0,00;14;0;0,00;15;10;6,25;17;0;0,00;19;0;0,00;20;3;1,87;21;47;29,37;22;0;0,00;23;0;0,00;24;7;4,37;25;0;0,00;26;1;0,62;27;0;0,00;28;0;0,00;29;20;12,50;30;0;0,00
540757;Milín;1699;1059;1051;1;93;8,84;2;1;0,09;3;1;0,09;4;73;6,94;6;0;0,00;7;43;4,09;8;100;9,51;9;15;1,42;10;14;1,33;12;12;1,14;13;1;0,09;14;1;0,09;15;125;11,89;17;0;0,00;19;1;0,09;20;48;4,56;21;376;35,77;22;0;0,00;23;0;0,00;24;42;3,99;25;1;0,09;26;11;1,04;27;1;0,09;28;4;0,38;29;87;8,27;30;1;0,09
599751;Modřovice;64;42;42;1;6;14,28;2;0;0,00;3;0;0,00;4;3;7,14;6;0;0,00;7;3;7,14;8;3;7,14;9;2;4,76;10;1;2,38;12;2;4,76;13;0;0,00;14;0;0,00;15;2;4,76;17;0;0,00;19;0;0,00;20;1;2,38;21;15;35,71;22;0;0,00;23;0;0,00;24;2;4,76;25;0;0,00;26;0;0,00;27;0;0,00;28;0;0,00;29;2;4,76;30;0;0,00
540781;Mokrovraty;608;376;374;1;42;11,22;2;0;0,00;3;0;0,00;4;13;3,47;6;0;0,00;7;23;6,14;8;25;6,68;9;8;2,13;10;4;1,06;12;3;0,80;13;3;0,80;14;3;0,80;15;77;20,58;17;2;0,53;19;0;0,00;20;24;6,41;21;101;27,00;22;0;0,00;23;0;0,00;24;10;2,67;25;0;0,00;26;1;0,26;27;0;0,00;28;0;0,00;29;35;9,35;30;0;0,00
540790;Nalžovice;445;282;280;1;23;8,21;2;0;0,00;3;0;0,00;4;10;3,57;6;0;0,00;7;30;10,71;8;14;5,00;9;3;1,07;10;1;0,35;12;4;1,42;13;0;0,00;14;0;0,00;15;48;17,14;17;0;0,00;19;1;0,35;20;10;3,57;21;86;30,71;22;0;0,00;23;1;0,35;24;9;3,21;25;0;0,00;26;0;0,00;27;1;0,35;28;1;0,35;29;35;12,50;30;3;1,07
564478;Narysov;224;142;142;1;12;8,45;2;0;0,00;3;0;0,00;4;11;7,74;6;0;0,00;7;8;5,63;8;16;11,26;9;1;0,70;10;1;0,70;12;0;0,00;13;0;0,00;14;1;0,70;15;17;11,97;17;0;0,00;19;0;0,00;20;12;8,45;21;45;31,69;22;0;0,00;23;0;0,00;24;4;2,81;25;0;0,00;26;2;1,40;27;0;0,00;28;0;0,00;29;12;8,45;30;0;0,00
540811;Nečín;632;397;391;1;40;10,23;2;0;0,00;3;0;0,00;4;27;6,90;6;0;0,00;7;33;8,43;8;33;8,43;9;3;0,76;10;4;1,02;12;12;3,06;13;1;0,25;14;0;0,00;15;38;9,71;17;0;0,00;19;0;0,00;20;15;3,83;21;122;31,20;22;0;0,00;23;1;0,25;24;16;4,09;25;0;0,00;26;4;1,02;27;0;0,00;28;0;0,00;29;41;10,48;30;1;0,25
540820;Nedrahovice;355;250;249;1;26;10,44;2;1;0,40;3;0;0,00;4;13;5,22;6;0;0,00;7;30;12,04;8;13;5,22;9;3;1,20;10;3;1,20;12;13;5,22;13;0;0,00;14;0;0,00;15;21;8,43;17;0;0,00;19;0;0,00;20;8;3,21;21;64;25,70;22;0;0,00;23;1;0,40;24;18;7,22;25;0;0,00;26;2;0,80;27;1;0,40;28;0;0,00;29;32;12,85;30;0;0,00
540846;Nechvalice;528;318;318;1;37;11,63;2;0;0,00;3;1;0,31;4;12;3,77;6;0;0,00;7;43;13,52;8;10;3,14;9;5;1,57;10;2;0,62;12;6;1,88;13;0;0,00;14;0;0,00;15;31;9,74;17;0;0,00;19;0;0,00;20;4;1,25;21;75;23,58;22;0;0,00;23;1;0,31;24;64;20,12;25;0;0,00;26;7;2,20;27;1;0,31;28;0;0,00;29;19;5,97;30;0;0,00
564524;Nepomuk;162;102;101;1;10;9,90;2;0;0,00;3;0;0,00;4;1;0,99;6;0;0,00;7;4;3,96;8;14;13,86;9;1;0,99;10;1;0,99;12;0;0,00;13;0;0,00;14;0;0,00;15;16;15,84;17;0;0,00;19;0;0,00;20;3;2,97;21;32;31,68;22;0;0,00;23;0;0,00;24;0;0,00;25;0;0,00;26;3;2,97;27;0;0,00;28;1;0,99;29;14;13,86;30;1;0,99
564222;Nestrašovice;44;32;32;1;4;12,50;2;0;0,00;3;0;0,00;4;4;12,50;6;0;0,00;7;2;6,25;8;1;3,12;9;0;0,00;10;0;0,00;12;0;0,00;13;0;0,00;14;0;0,00;15;1;3,12;17;0;0,00;19;0;0,00;20;2;6,25;21;10;31,25;22;0;0,00;23;0;0,00;24;1;3,12;25;0;0,00;26;1;3,12;27;0;0,00;28;0;0,00;29;5;15,62;30;1;3,12
540889;Nová Ves pod Pleší;922;631;616;1;110;17,85;2;0;0,00;3;0;0,00;4;31;5,03;6;0;0,00;7;36;5,84;8;33;5,35;9;16;2,59;10;4;0,64;12;2;0,32;13;0;0,00;14;4;0,64;15;95;15,42;17;0;0,00;19;0;0,00;20;42;6,81;21;154;25,00;22;0;0,00;23;0;0,00;24;34;5,51;25;0;0,00;26;4;0,64;27;1;0,16;28;1;0,16;29;46;7,46;30;3;0,48
540897;Nové Dvory;210;147;147;1;23;15,64;2;0;0,00;3;0;0,00;4;9;6,12;6;1;0,68;7;9;6,12;8;4;2,72;9;2;1,36;10;6;4,08;12;0;0,00;13;0;0,00;14;2;1,36;15;32;21,76;17;0;0,00;19;0;0,00;20;8;5,44;21;31;21,08;22;1;0,68;23;1;0,68;24;2;1,36;25;0;0,00;26;1;0,68;27;1;0,68;28;0;0,00;29;13;8,84;30;1;0,68
540901;Nový Knín;1587;1067;1060;1;146;13,77;2;0;0,00;3;1;0,09;4;68;6,41;6;1;0,09;7;51;4,81;8;90;8,49;9;11;1,03;10;17;1,60;12;19;1,79;13;3;0,28;14;7;0,66;15;148;13,96;17;0;0,00;19;2;0,18;20;43;4,05;21;302;28,49;22;1;0,09;23;2;0,18;24;37;3,49;25;0;0,00;26;3;0,28;27;0;0,00;28;1;0,09;29;106;10,00;30;1;0,09
513571;Občov;127;100;100;1;20;20,00;2;0;0,00;3;0;0,00;4;8;8,00;6;0;0,00;7;8;8,00;8;11;11,00;9;0;0,00;10;2;2,00;12;2;2,00;13;0;0,00;14;0;0,00;15;9;9,00;17;0;0,00;19;0;0,00;20;6;6,00;21;24;24,00;22;0;0,00;23;0;0,00;24;2;2,00;25;0;0,00;26;0;0,00;27;0;0,00;28;0;0,00;29;8;8,00;30;0;0,00
540935;Obecnice;1022;665;655;1;76;11,60;2;2;0,30;3;1;0,15;4;61;9,31;6;0;0,00;7;30;4,58;8;71;10,83;9;3;0,45;10;4;0,61;12;10;1,52;13;1;0,15;14;1;0,15;15;49;7,48;17;0;0,00;19;0;0,00;20;35;5,34;21;196;29,92;22;1;0,15;23;2;0,30;24;20;3,05;25;0;0,00;26;3;0,45;27;1;0,15;28;4;0,61;29;79;12,06;30;5;0,76
540943;Obory;209;151;150;1;13;8,66;2;0;0,00;3;0;0,00;4;13;8,66;6;0;0,00;7;22;14,66;8;14;9,33;9;2;1,33;10;3;2,00;12;1;0,66;13;0;0,00;14;0;0,00;15;11;7,33;17;1;0,66;19;0;0,00;20;8;5,33;21;46;30,66;22;0;0,00;23;0;0,00;24;3;2,00;25;0;0,00;26;0;0,00;27;1;0,66;28;0;0,00;29;11;7,33;30;1;0,66
540951;Obořiště;529;346;346;1;32;9,24;2;1;0,28;3;0;0,00;4;27;7,80;6;1;0,28;7;19;5,49;8;27;7,80;9;0;0,00;10;5;1,44;12;10;2,89;13;0;0,00;14;0;0,00;15;32;9,24;17;0;0,00;19;0;0,00;20;26;7,51;21;97;28,03;22;1;0,28;23;0;0,00;24;20;5,78;25;0;0,00;26;2;0,57;27;1;0,28;28;1;0,28;29;43;12,42;30;1;0,28
540960;Ohrazenice;233;155;155;1;15;9,67;2;0;0,00;3;0;0,00;4;4;2,58;6;0;0,00;7;10;6,45;8;9;5,80;9;0;0,00;10;1;0,64;12;5;3,22;13;0;0,00;14;0;0,00;15;33;21,29;17;0;0,00;19;0;0,00;20;4;2,58;21;62;40,00;22;0;0,00;23;0;0,00;24;4;2,58;25;0;0,00;26;0;0,00;27;0;0,00;28;0;0,00;29;7;4,51;30;1;0,64
598470;Osečany;206;125;122;1;13;10,65;2;0;0,00;3;0;0,00;4;8;6,55;6;0;0,00;7;10;8,19;8;9;7,37;9;0;0,00;10;1;0,81;12;0;0,00;13;0;0,00;14;0;0,00;15;19;15,57;17;0;0,00;19;0;0,00;20;1;0,81;21;39;31,96;22;0;0,00;23;0;0,00;24;10;8,19;25;0;0,00;26;0;0,00;27;1;0,81;28;0;0,00;29;11;9,01;30;0;0,00
598372;Ostrov;92;59;58;1;4;6,89;2;0;0,00;3;0;0,00;4;0;0,00;6;0;0,00;7;11;18,96;8;5;8,62;9;1;1,72;10;0;0,00;12;2;3,44;13;0;0,00;14;0;0,00;15;8;13,79;17;0;0,00;19;0;0,00;20;3;5,17;21;17;29,31;22;0;0,00;23;1;1,72;24;1;1,72;25;0;0,00;26;0;0,00;27;0;0,00;28;0;0,00;29;5;8,62;30;0;0,00
541010;Ouběnice;190;134;133;1;32;24,06;2;0;0,00;3;0;0,00;4;13;9,77;6;0;0,00;7;7;5,26;8;2;1,50;9;1;0,75;10;3;2,25;12;0;0,00;13;1;0,75;14;0;0,00;15;19;14,28;17;0;0,00;19;0;0,00;20;7;5,26;21;32;24,06;22;0;0,00;23;0;0,00;24;4;3,00;25;0;0,00;26;0;0,00;27;0;0,00;28;0;0,00;29;12;9,02;30;0;0,00
541028;Pečice;300;165;163;1;16;9,81;2;0;0,00;3;0;0,00;4;10;6,13;6;0;0,00;7;8;4,90;8;21;12,88;9;3;1,84;10;6;3,68;12;2;1,22;13;0;0,00;14;0;0,00;15;13;7,97;17;0;0,00;19;0;0,00;20;4;2,45;21;55;33,74;22;0;0,00;23;0;0,00;24;10;6,13;25;0;0,00;26;0;0,00;27;0;0,00;28;0;0,00;29;14;8,58;30;1;0,61
541044;Petrovice;1093;770;769;1;66;8,58;2;1;0,13;3;0;0,00;4;28;3,64;6;0;0,00;7;160;20,80;8;39;5,07;9;8;1,04;10;8;1,04;12;4;0,52;13;0;0,00;14;1;0,13;15;119;15,47;17;2;0,26;19;0;0,00;20;34;4,42;21;157;20,41;22;0;0,00;23;0;0,00;24;66;8,58;25;0;0,00;26;7;0,91;27;0;0,00;28;0;0,00;29;69;8,97;30;0;0,00
541052;Pičín;490;310;308;1;32;10,38;2;2;0,64;3;0;0,00;4;23;7,46;6;0;0,00;7;12;3,89;8;38;12,33;9;1;0,32;10;3;0,97;12;4;1,29;13;0;0,00;14;0;0,00;15;25;8,11;17;2;0,64;19;0;0,00;20;8;2,59;21;111;36,03;22;0;0,00;23;0;0,00;24;8;2,59;25;0;0,00;26;0;0,00;27;0;0,00;28;0;0,00;29;37;12,01;30;2;0,64
564214;Počaply;79;43;43;1;5;11,62;2;0;0,00;3;0;0,00;4;3;6,97;6;0;0,00;7;6;13,95;8;4;9,30;9;0;0,00;10;0;0,00;12;4;9,30;13;0;0,00;14;0;0,00;15;4;9,30;17;0;0,00;19;0;0,00;20;0;0,00;21;13;30,23;22;0;0,00;23;0;0,00;24;0;0,00;25;0;0,00;26;1;2,32;27;0;0,00;28;0;0,00;29;3;6,97;30;0;0,00
541087;Počepice;438;277;273;1;19;6,95;2;0;0,00;3;0;0,00;4;21;7,69;6;0;0,00;7;37;13,55;8;19;6,95;9;1;0,36;10;2;0,73;12;5;1,83;13;0;0,00;14;0;0,00;15;35;12,82;17;0;0,00;19;0;0,00;20;6;2,19;21;82;30,03;22;0;0,00;23;0;0,00;24;19;6,95;25;0;0,00;26;1;0,36;27;0;0,00;28;1;0,36;29;25;9,15;30;0;0,00
564486;Podlesí;884;532;527;1;57;10,81;2;0;0,00;3;1;0,18;4;53;10,05;6;0;0,00;7;38;7,21;8;44;8,34;9;10;1,89;10;5;0,94;12;9;1,70;13;0;0,00;14;1;0,18;15;53;10,05;17;0;0,00;19;0;0,00;20;40;7,59;21;152;28,84;22;1;0,18;23;1;0,18;24;13;2,46;25;0;0,00;26;3;0,56;27;0;0,00;28;0;0,00;29;46;8,72;30;0;0,00
541133;Prosenická Lhota;399;248;246;1;30;12,19;2;1;0,40;3;0;0,00;4;12;4,87;6;0;0,00;7;31;12,60;8;23;9,34;9;1;0,40;10;1;0,40;12;2;0,81;13;0;0,00;14;1;0,40;15;30;12,19;17;0;0,00;19;2;0,81;20;3;1,21;21;59;23,98;22;0;0,00;23;0;0,00;24;21;8,53;25;0;0,00;26;0;0,00;27;0;0,00;28;0;0,00;29;29;11,78;30;0;0,00
539911;Příbram;26653;15856;15728;1;1714;10,89;2;23;0,14;3;8;0,05;4;1186;7,54;6;12;0,07;7;794;5,04;8;1324;8,41;9;209;1,32;10;83;0,52;12;257;1,63;13;9;0,05;14;17;0,10;15;1799;11,43;17;2;0,01;19;4;0,02;20;965;6,13;21;5043;32,06;22;6;0,03;23;19;0,12;24;536;3,40;25;5;0,03;26;94;0,59;27;22;0,13;28;20;0,12;29;1554;9,88;30;23;0,14
513547;Příčovy;260;177;177;1;20;11,29;2;1;0,56;3;0;0,00;4;6;3,38;6;0;0,00;7;28;15,81;8;13;7,34;9;2;1,12;10;3;1,69;12;2;1,12;13;1;0,56;14;0;0,00;15;23;12,99;17;0;0,00;19;0;0,00;20;13;7,34;21;54;30,50;22;0;0,00;23;0;0,00;24;2;1,12;25;0;0,00;26;0;0,00;27;0;0,00;28;0;0,00;29;9;5,08;30;0;0,00
564389;Radětice;151;112;111;1;5;4,50;2;0;0,00;3;0;0,00;4;14;12,61;6;0;0,00;7;5;4,50;8;7;6,30;9;2;1,80;10;1;0,90;12;2;1,80;13;0;0,00;14;1;0,90;15;12;10,81;17;0;0,00;19;0;0,00;20;4;3,60;21;52;46,84;22;0;0,00;23;0;0,00;24;0;0,00;25;0;0,00;26;0;0,00;27;0;0,00;28;0;0,00;29;6;5,40;30;0;0,00
598488;Radíč;181;119;117;1;8;6,83;2;0;0,00;3;0;0,00;4;9;7,69;6;0;0,00;7;5;4,27;8;18;15,38;9;0;0,00;10;3;2,56;12;0;0,00;13;0;0,00;14;0;0,00;15;4;3,41;17;0;0,00;19;0;0,00;20;10;8,54;21;40;34,18;22;0;0,00;23;0;0,00;24;3;2,56;25;0;0,00;26;0;0,00;27;2;1,70;28;1;0,85;29;14;11,96;30;0;0,00
541206;Rosovice;637;389;385;1;49;12,72;2;1;0,25;3;0;0,00;4;32;8,31;6;0;0,00;7;24;6,23;8;46;11,94;9;8;2,07;10;2;0,51;12;18;4,67;13;2;0,51;14;0;0,00;15;44;11,42;17;0;0,00;19;0;0,00;20;20;5,19;21;93;24,15;22;0;0,00;23;1;0,25;24;7;1,81;25;0;0,00;26;3;0,77;27;1;0,25;28;0;0,00;29;34;8,83;30;0;0,00
541231;Rožmitál pod Třemšínem;3564;2192;2182;1;200;9,16;2;2;0,09;3;2;0,09;4;190;8,70;6;1;0,04;7;130;5,95;8;329;15,07;9;22;1,00;10;18;0,82;12;31;1,42;13;5;0,22;14;2;0,09;15;213;9,76;17;2;0,09;19;1;0,04;20;74;3,39;21;659;30,20;22;1;0,04;23;4;0,18;24;97;4,44;25;0;0,00;26;13;0,59;27;5;0,22;28;3;0,13;29;175;8,02;30;3;0,13
541257;Rybníky;335;227;227;1;39;17,18;2;1;0,44;3;0;0,00;4;12;5,28;6;0;0,00;7;15;6,60;8;18;7,92;9;7;3,08;10;1;0,44;12;1;0,44;13;0;0,00;14;0;0,00;15;32;14,09;17;0;0,00;19;0;0,00;20;10;4,40;21;59;25,99;22;1;0,44;23;0;0,00;24;7;3,08;25;0;0,00;26;3;1,32;27;0;0,00;28;0;0,00;29;20;8,81;30;1;0,44
541273;Sádek;188;136;136;1;10;7,35;2;1;0,73;3;0;0,00;4;12;8,82;6;0;0,00;7;3;2,20;8;29;21,32;9;1;0,73;10;0;0,00;12;0;0,00;13;0;0,00;14;0;0,00;15;12;8,82;17;0;0,00;19;0;0,00;20;6;4,41;21;30;22,05;22;0;0,00;23;0;0,00;24;10;7,35;25;0;0,00;26;0;0,00;27;1;0,73;28;0;0,00;29;21;15,44;30;0;0,00
541281;Sedlčany;5991;3841;3809;1;488;12,81;2;4;0,10;3;1;0,02;4;261;6,85;6;2;0,05;7;270;7,08;8;237;6,22;9;44;1,15;10;43;1,12;12;48;1,26;13;2;0,05;14;7;0,18;15;583;15,30;17;1;0,02;19;1;0,02;20;172;4,51;21;1049;27,54;22;2;0,05;23;2;0,05;24;186;4,88;25;3;0,07;26;21;0,55;27;3;0,07;28;13;0,34;29;359;9,42;30;7;0,18
530573;Sedlec-Prčice;2331;1513;1509;1;155;10,27;2;1;0,06;3;0;0,00;4;134;8,88;6;3;0,19;7;110;7,28;8;126;8,34;9;21;1,39;10;10;0,66;12;13;0,86;13;0;0,00;14;0;0,00;15;147;9,74;17;0;0,00;19;0;0,00;20;49;3,24;21;490;32,47;22;0;0,00;23;5;0,33;24;89;5,89;25;0;0,00;26;11;0,72;27;6;0,39;28;3;0,19;29;132;8,74;30;4;0,26
564630;Sedlice;212;164;161;1;30;18,63;2;1;0,62;3;0;0,00;4;16;9,93;6;0;0,00;7;8;4,96;8;16;9,93;9;0;0,00;10;1;0,62;12;4;2,48;13;0;0,00;14;0;0,00;15;14;8,69;17;0;0,00;19;0;0,00;20;8;4,96;21;38;23,60;22;0;0,00;23;0;0,00;24;8;4,96;25;0;0,00;26;1;0,62;27;0;0,00;28;0;0,00;29;16;9,93;30;0;0,00
541311;Smolotely;198;144;143;1;13;9,09;2;0;0,00;3;0;0,00;4;8;5,59;6;1;0,69;7;18;12,58;8;10;6,99;9;1;0,69;10;2;1,39;12;1;0,69;13;0;0,00;14;0;0,00;15;16;11,18;17;0;0,00;19;0;0,00;20;10;6,99;21;52;36,36;22;0;0,00;23;0;0,00;24;2;1,39;25;0;0,00;26;0;0,00;27;0;0,00;28;0;0,00;29;9;6,29;30;0;0,00
541320;Solenice;319;187;187;1;10;5,34;2;0;0,00;3;0;0,00;4;20;10,69;6;0;0,00;7;10;5,34;8;18;9,62;9;1;0,53;10;1;0,53;12;0;0,00;13;1;0,53;14;0;0,00;15;10;5,34;17;0;0,00;19;0;0,00;20;10;5,34;21;62;33,15;22;0;0,00;23;1;0,53;24;13;6,95;25;0;0,00;26;0;0,00;27;1;0,53;28;0;0,00;29;29;15,50;30;0;0,00
541338;Stará Huť;1052;756;755;1;108;14,30;2;1;0,13;3;2;0,26;4;46;6,09;6;0;0,00;7;51;6,75;8;82;10,86;9;10;1,32;10;6;0,79;12;13;1,72;13;0;0,00;14;1;0,13;15;129;17,08;17;1;0,13;19;0;0,00;20;33;4,37;21;181;23,97;22;1;0,13;23;1;0,13;24;25;3,31;25;0;0,00;26;6;0,79;27;0;0,00;28;2;0,26;29;56;7,41;30;0;0,00
564583;Starosedlský Hrádek;111;71;71;1;8;11,26;2;0;0,00;3;0;0,00;4;2;2,81;6;0;0,00;7;1;1,40;8;14;19,71;9;0;0,00;10;0;0,00;12;3;4,22;13;0;0,00;14;0;0,00;15;3;4,22;17;0;0,00;19;1;1,40;20;4;5,63;21;22;30,98;22;0;0,00;23;0;0,00;24;3;4,22;25;0;0,00;26;0;0,00;27;0;0,00;28;0;0,00;29;10;14,08;30;0;0,00
541371;Suchodol;281;220;218;1;30;13,76;2;0;0,00;3;0;0,00;4;12;5,50;6;0;0,00;7;19;8,71;8;26;11,92;9;8;3,66;10;1;0,45;12;1;0,45;13;0;0,00;14;0;0,00;15;19;8,71;17;0;0,00;19;0;0,00;20;5;2,29;21;65;29,81;22;1;0,45;23;0;0,00;24;14;6,42;25;0;0,00;26;6;2,75;27;1;0,45;28;0;0,00;29;10;4,58;30;0;0,00
541389;Svaté Pole;352;251;250;1;37;14,80;2;1;0,40;3;0;0,00;4;11;4,40;6;0;0,00;7;22;8,80;8;9;3,60;9;1;0,40;10;1;0,40;12;7;2,80;13;0;0,00;14;0;0,00;15;33;13,20;17;0;0,00;19;0;0,00;20;12;4,80;21;75;30,00;22;0;0,00;23;0;0,00;24;17;6,80;25;0;0,00;26;0;0,00;27;3;1,20;28;0;0,00;29;20;8,00;30;1;0,40
541397;Svatý Jan;490;311;311;1;38;12,21;2;0;0,00;3;0;0,00;4;24;7,71;6;0;0,00;7;49;15,75;8;22;7,07;9;8;2,57;10;2;0,64;12;5;1,60;13;1;0,32;14;0;0,00;15;33;10,61;17;0;0,00;19;0;0,00;20;8;2,57;21;76;24,43;22;0;0,00;23;0;0,00;24;24;7,71;25;0;0,00;26;1;0,32;27;2;0,64;28;0;0,00;29;16;5,14;30;2;0,64
564273;Svojšice;86;65;65;1;9;13,84;2;0;0,00;3;0;0,00;4;3;4,61;6;0;0,00;7;2;3,07;8;4;6,15;9;0;0,00;10;0;0,00;12;0;0,00;13;0;0,00;14;0;0,00;15;11;16,92;17;0;0,00;19;0;0,00;20;3;4,61;21;16;24,61;22;0;0,00;23;0;0,00;24;13;20,00;25;0;0,00;26;1;1,53;27;0;0,00;28;0;0,00;29;3;4,61;30;0;0,00
541419;Štětkovice;262;160;159;1;23;14,46;2;0;0,00;3;0;0,00;4;9;5,66;6;0;0,00;7;17;10,69;8;13;8,17;9;6;3,77;10;0;0,00;12;4;2,51;13;1;0,62;14;0;0,00;15;25;15,72;17;0;0,00;19;0;0,00;20;4;2,51;21;31;19,49;22;1;0,62;23;0;0,00;24;8;5,03;25;0;0,00;26;0;0,00;27;0;0,00;28;0;0,00;29;15;9,43;30;2;1,25
529664;Těchařovice;57;24;23;1;1;4,34;2;0;0,00;3;0;0,00;4;17;73,91;6;0;0,00;7;0;0,00;8;0;0,00;9;0;0,00;10;0;0,00;12;0;0,00;13;0;0,00;14;0;0,00;15;1;4,34;17;0;0,00;19;0;0,00;20;0;0,00;21;4;17,39;22;0;0,00;23;0;0,00;24;0;0,00;25;0;0,00;26;0;0,00;27;0;0,00;28;0;0,00;29;0;0,00;30;0;0,00
541427;Tochovice;496;337;333;1;29;8,70;2;0;0,00;3;0;0,00;4;26;7,80;6;0;0,00;7;31;9,30;8;33;9,90;9;2;0,60;10;1;0,30;12;3;0,90;13;0;0,00;14;0;0,00;15;29;8,70;17;0;0,00;19;0;0,00;20;8;2,40;21;137;41,14;22;0;0,00;23;0;0,00;24;8;2,40;25;1;0,30;26;2;0,60;27;1;0,30;28;0;0,00;29;21;6,30;30;1;0,30
598429;Trhové Dušníky;363;241;239;1;21;8,78;2;0;0,00;3;0;0,00;4;13;5,43;6;0;0,00;7;26;10,87;8;23;9,62;9;2;0,83;10;3;1,25;12;2;0,83;13;0;0,00;14;1;0,41;15;29;12,13;17;0;0,00;19;0;0,00;20;23;9,62;21;68;28,45;22;0;0,00;23;0;0,00;24;6;2,51;25;0;0,00;26;0;0,00;27;0;0,00;28;2;0,83;29;20;8,36;30;0;0,00
541451;Třebsko;197;136;133;1;13;9,77;2;0;0,00;3;0;0,00;4;9;6,76;6;0;0,00;7;8;6,01;8;8;6,01;9;4;3,00;10;1;0,75;12;3;2,25;13;0;0,00;14;0;0,00;15;17;12,78;17;0;0,00;19;0;0,00;20;4;3,00;21;38;28,57;22;0;0,00;23;0;0,00;24;11;8,27;25;0;0,00;26;2;1,50;27;1;0,75;28;0;0,00;29;14;10,52;30;0;0,00
598330;Tušovice;84;61;61;1;2;3,27;2;0;0,00;3;0;0,00;4;0;0,00;6;0;0,00;7;8;13,11;8;6;9,83;9;0;0,00;10;0;0,00;12;0;0,00;13;0;0,00;14;0;0,00;15;7;11,47;17;0;0,00;19;1;1,63;20;1;1,63;21;33;54,09;22;0;0,00;23;0;0,00;24;1;1,63;25;0;0,00;26;0;0,00;27;0;0,00;28;0;0,00;29;2;3,27;30;0;0,00
513539;Velká Lečice;139;85;85;1;10;11,76;2;0;0,00;3;0;0,00;4;6;7,05;6;0;0,00;7;8;9,41;8;3;3,52;9;1;1,17;10;2;2,35;12;1;1,17;13;0;0,00;14;0;0,00;15;12;14,11;17;0;0,00;19;0;0,00;20;3;3,52;21;16;18,82;22;0;0,00;23;1;1,17;24;9;10,58;25;0;0,00;26;1;1,17;27;0;0,00;28;1;1,17;29;10;11,76;30;1;1,17
541508;Věšín;536;363;360;1;32;8,88;2;0;0,00;3;0;0,00;4;39;10,83;6;1;0,27;7;17;4,72;8;36;10,00;9;1;0,27;10;1;0,27;12;1;0,27;13;0;0,00;14;1;0,27;15;38;10,55;17;0;0,00;19;0;0,00;20;12;3,33;21;118;32,77;22;0;0,00;23;2;0,55;24;4;1,11;25;0;0,00;26;0;0,00;27;1;0,27;28;1;0,27;29;54;15,00;30;1;0,27
541516;Višňová;536;356;354;1;46;12,99;2;1;0,28;3;0;0,00;4;35;9,88;6;0;0,00;7;32;9,03;8;22;6,21;9;8;2,25;10;4;1,12;12;3;0,84;13;0;0,00;14;1;0,28;15;34;9,60;17;0;0,00;19;0;0,00;20;9;2,54;21;108;30,50;22;0;0,00;23;2;0,56;24;6;1,69;25;0;0,00;26;2;0,56;27;1;0,28;28;0;0,00;29;39;11,01;30;1;0,28
541524;Volenice;331;223;222;1;9;4,05;2;0;0,00;3;0;0,00;4;31;13,96;6;0;0,00;7;37;16,66;8;38;17,11;9;1;0,45;10;3;1,35;12;1;0,45;13;0;0,00;14;0;0,00;15;4;1,80;17;0;0,00;19;0;0,00;20;18;8,10;21;49;22,07;22;0;0,00;23;2;0,90;24;8;3,60;25;0;0,00;26;0;0,00;27;1;0,45;28;0;0,00;29;19;8,55;30;1;0,45
541541;Voznice;498;343;341;1;44;12,90;2;0;0,00;3;0;0,00;4;25;7,33;6;0;0,00;7;30;8,79;8;10;2,93;9;4;1,17;10;6;1,75;12;19;5,57;13;0;0,00;14;2;0,58;15;58;17,00;17;0;0,00;19;0;0,00;20;31;9,09;21;77;22,58;22;0;0,00;23;1;0,29;24;6;1,75;25;0;0,00;26;1;0,29;27;0;0,00;28;2;0,58;29;23;6,74;30;2;0,58
564362;Vrančice;130;89;89;1;12;13,48;2;1;1,12;3;0;0,00;4;3;3,37;6;0;0,00;7;2;2,24;8;10;11,23;9;0;0,00;10;2;2,24;12;3;3,37;13;0;0,00;14;0;0,00;15;18;20,22;17;0;0,00;19;0;0,00;20;8;8,98;21;16;17,97;22;0;0,00;23;0;0,00;24;9;10,11;25;0;0,00;26;0;0,00;27;0;0,00;28;0;0,00;29;5;5,61;30;0;0,00
541567;Vranovice;236;147;146;1;8;5,47;2;0;0,00;3;0;0,00;4;13;8,90;6;0;0,00;7;18;12,32;8;17;11,64;9;3;2,05;10;0;0,00;12;1;0,68;13;1;0,68;14;0;0,00;15;8;5,47;17;0;0,00;19;0;0,00;20;1;0,68;21;51;34,93;22;0;0,00;23;1;0,68;24;4;2,73;25;0;0,00;26;2;1,36;27;1;0,68;28;0;0,00;29;16;10,95;30;1;0,68
598437;Vševily;107;80;79;1;12;15,18;2;0;0,00;3;0;0,00;4;4;5,06;6;0;0,00;7;8;10,12;8;10;12,65;9;1;1,26;10;1;1,26;12;0;0,00;13;0;0,00;14;0;0,00;15;4;5,06;17;0;0,00;19;0;0,00;20;3;3,79;21;17;21,51;22;0;0,00;23;1;1,26;24;3;3,79;25;0;0,00;26;0;0,00;27;0;0,00;28;1;1,26;29;13;16,45;30;1;1,26
541583;Vysoká u Příbramě;264;203;203;1;15;7,38;2;0;0,00;3;0;0,00;4;14;6,89;6;0;0,00;7;18;8,86;8;16;7,88;9;5;2,46;10;2;0,98;12;2;0,98;13;0;0,00;14;0;0,00;15;21;10,34;17;0;0,00;19;0;0,00;20;15;7,38;21;66;32,51;22;0;0,00;23;0;0,00;24;11;5,41;25;0;0,00;26;1;0,49;27;0;0,00;28;0;0,00;29;16;7,88;30;1;0,49
541591;Vysoký Chlumec;685;429;428;1;34;7,94;2;1;0,23;3;0;0,00;4;34;7,94;6;0;0,00;7;50;11,68;8;28;6,54;9;6;1,40;10;10;2,33;12;6;1,40;13;2;0,46;14;0;0,00;15;49;11,44;17;0;0,00;19;0;0,00;20;24;5,60;21;99;23,13;22;1;0,23;23;0;0,00;24;49;11,44;25;0;0,00;26;1;0,23;27;1;0,23;28;0;0,00;29;32;7,47;30;1;0,23
541613;Zalužany;260;181;179;1;20;11,17;2;0;0,00;3;0;0,00;4;14;7,82;6;0;0,00;7;8;4,46;8;18;10,05;9;1;0,55;10;0;0,00;12;3;1,67;13;0;0,00;14;0;0,00;15;13;7,26;17;0;0,00;19;0;0,00;20;11;6,14;21;66;36,87;22;0;0,00;23;0;0,00;24;10;5,58;25;0;0,00;26;0;0,00;27;0;0,00;28;2;1,11;29;13;7,26;30;0;0,00
564320;Zbenice;112;70;70;1;3;4,28;2;0;0,00;3;0;0,00;4;7;10,00;6;0;0,00;7;9;12,85;8;4;5,71;9;5;7,14;10;0;0,00;12;2;2,85;13;0;0,00;14;0;0,00;15;5;7,14;17;0;0,00;19;0;0,00;20;0;0,00;21;26;37,14;22;0;0,00;23;0;0,00;24;3;4,28;25;0;0,00;26;0;0,00;27;0;0,00;28;0;0,00;29;6;8,57;30;0;0,00
513512;Zduchovice;244;169;169;1;12;7,10;2;0;0,00;3;0;0,00;4;21;12,42;6;0;0,00;7;28;16,56;8;9;5,32;9;2;1,18;10;2;1,18;12;0;0,00;13;0;0,00;14;0;0,00;15;7;4,14;17;0;0,00;19;0;0,00;20;4;2,36;21;72;42,60;22;0;0,00;23;0;0,00;24;4;2,36;25;0;0,00;26;0;0,00;27;0;0,00;28;0;0,00;29;8;4,73;30;0;0,00
564338;Županovice;70;49;49;1;9;18,36;2;0;0,00;3;0;0,00;4;6;12,24;6;0;0,00;7;1;2,04;8;1;2,04;9;0;0,00;10;3;6,12;12;4;8,16;13;0;0,00;14;0;0,00;15;5;10,20;17;0;0,00;19;0;0,00;20;1;2,04;21;14;28,57;22;0;0,00;23;0;0,00;24;1;2,04;25;0;0,00;26;0;0,00;27;0;0,00;28;0;0,00;29;4;8,16;30;0;0,00
